Season,Night,Day,Peak,Evening
winter,0.072916667,0.104166667,0.03125,0.041666667
peak,0.072916667,0.104166667,0.03125,0.041666667
summer,0.072916667,0.104166667,0.03125,0.041666667
autumn,0.072916667,0.104166667,0.03125,0.041666667
